<Anims>
 <anim name="burnt" root="chest" numframes="400" framerate="40">
  <frame idx="0" w="310" h="288" x="-22.274605" y="-91.924500">
   <element name="chest01" layername="timeline_0" frame="4" z_index="17" m_a="1.000000" m_b="0.000000" m_c="0.000000" m_d="1.000000" m_tx="0.000000" m_ty="0.000000"/>
   <element name="chest_shadow" layername="timeline_1" frame="0" z_index="18" m_a="1.000000" m_b="0.000000" m_c="0.000000" m_d="1.000000" m_tx="13.500000" m_ty="6.900000"/>
  </frame>
  <frame idx="25" w="310" h="288" x="-22.274605" y="-91.924500">
   <element name="chest01" layername="timeline_0" frame="4" z_index="17" m_a="1.000000" m_b="0.000000" m_c="0.000000" m_d="1.000000" m_tx="0.000000" m_ty="0.000000"/>
   <element name="chest_shadow" layername="timeline_1" frame="0" z_index="18" m_a="1.000000" m_b="0.000000" m_c="0.000000" m_d="1.000000" m_tx="13.500000" m_ty="6.900000"/>
  </frame>
  <frame idx="50" w="310" h="288" x="-22.274605" y="-91.924500">
   <element name="chest01" layername="timeline_0" frame="4" z_index="17" m_a="1.000000" m_b="0.000000" m_c="0.000000" m_d="1.000000" m_tx="0.000000" m_ty="0.000000"/>
   <element name="chest_shadow" layername="timeline_1" frame="0" z_index="18" m_a="1.000000" m_b="0.000000" m_c="0.000000" m_d="1.000000" m_tx="13.500000" m_ty="6.900000"/>
  </frame>
  <frame idx="75" w="310" h="288" x="-22.274605" y="-91.924500">
   <element name="chest01" layername="timeline_0" frame="4" z_index="17" m_a="1.000000" m_b="0.000000" m_c="0.000000" m_d="1.000000" m_tx="0.000000" m_ty="0.000000"/>
   <element name="chest_shadow" layername="timeline_1" frame="0" z_index="18" m_a="1.000000" m_b="0.000000" m_c="0.000000" m_d="1.000000" m_tx="13.500000" m_ty="6.900000"/>
  </frame>
  <frame idx="100" w="310" h="288" x="-22.274605" y="-91.924500">
   <element name="chest01" layername="timeline_0" frame="4" z_index="17" m_a="1.000000" m_b="0.000000" m_c="0.000000" m_d="1.000000" m_tx="0.000000" m_ty="0.000000"/>
   <element name="chest_shadow" layername="timeline_1" frame="0" z_index="18" m_a="1.000000" m_b="0.000000" m_c="0.000000" m_d="1.000000" m_tx="13.500000" m_ty="6.900000"/>
  </frame>
  <frame idx="125" w="310" h="288" x="-22.274605" y="-91.924500">
   <element name="chest01" layername="timeline_0" frame="4" z_index="17" m_a="1.000000" m_b="0.000000" m_c="0.000000" m_d="1.000000" m_tx="0.000000" m_ty="0.000000"/>
   <element name="chest_shadow" layername="timeline_1" frame="0" z_index="18" m_a="1.000000" m_b="0.000000" m_c="0.000000" m_d="1.000000" m_tx="13.500000" m_ty="6.900000"/>
  </frame>
  <frame idx="150" w="310" h="288" x="-22.274605" y="-91.924500">
   <element name="chest01" layername="timeline_0" frame="4" z_index="17" m_a="1.000000" m_b="0.000000" m_c="0.000000" m_d="1.000000" m_tx="0.000000" m_ty="0.000000"/>
   <element name="chest_shadow" layername="timeline_1" frame="0" z_index="18" m_a="1.000000" m_b="0.000000" m_c="0.000000" m_d="1.000000" m_tx="13.500000" m_ty="6.900000"/>
  </frame>
  <frame idx="175" w="310" h="288" x="-22.274605" y="-91.924500">
   <element name="chest01" layername="timeline_0" frame="4" z_index="17" m_a="1.000000" m_b="0.000000" m_c="0.000000" m_d="1.000000" m_tx="0.000000" m_ty="0.000000"/>
   <element name="chest_shadow" layername="timeline_1" frame="0" z_index="18" m_a="1.000000" m_b="0.000000" m_c="0.000000" m_d="1.000000" m_tx="13.500000" m_ty="6.900000"/>
  </frame>
  <frame idx="200" w="310" h="288" x="-22.274605" y="-91.924500">
   <element name="chest01" layername="timeline_0" frame="4" z_index="17" m_a="1.000000" m_b="0.000000" m_c="0.000000" m_d="1.000000" m_tx="0.000000" m_ty="0.000000"/>
   <element name="chest_shadow" layername="timeline_1" frame="0" z_index="18" m_a="1.000000" m_b="0.000000" m_c="0.000000" m_d="1.000000" m_tx="13.500000" m_ty="6.900000"/>
  </frame>
  <frame idx="225" w="310" h="288" x="-22.274605" y="-91.924500">
   <element name="chest01" layername="timeline_0" frame="4" z_index="17" m_a="1.000000" m_b="0.000000" m_c="0.000000" m_d="1.000000" m_tx="0.000000" m_ty="0.000000"/>
   <element name="chest_shadow" layername="timeline_1" frame="0" z_index="18" m_a="1.000000" m_b="0.000000" m_c="0.000000" m_d="1.000000" m_tx="13.500000" m_ty="6.900000"/>
  </frame>
  <frame idx="250" w="310" h="288" x="-22.274605" y="-91.924500">
   <element name="chest01" layername="timeline_0" frame="4" z_index="17" m_a="1.000000" m_b="0.000000" m_c="0.000000" m_d="1.000000" m_tx="0.000000" m_ty="0.000000"/>
   <element name="chest_shadow" layername="timeline_1" frame="0" z_index="18" m_a="1.000000" m_b="0.000000" m_c="0.000000" m_d="1.000000" m_tx="13.500000" m_ty="6.900000"/>
  </frame>
  <frame idx="275" w="310" h="288" x="-22.274605" y="-91.924500">
   <element name="chest01" layername="timeline_0" frame="4" z_index="17" m_a="1.000000" m_b="0.000000" m_c="0.000000" m_d="1.000000" m_tx="0.000000" m_ty="0.000000"/>
   <element name="chest_shadow" layername="timeline_1" frame="0" z_index="18" m_a="1.000000" m_b="0.000000" m_c="0.000000" m_d="1.000000" m_tx="13.500000" m_ty="6.900000"/>
  </frame>
  <frame idx="300" w="310" h="288" x="-22.274605" y="-91.924500">
   <element name="chest01" layername="timeline_0" frame="4" z_index="17" m_a="1.000000" m_b="0.000000" m_c="0.000000" m_d="1.000000" m_tx="0.000000" m_ty="0.000000"/>
   <element name="chest_shadow" layername="timeline_1" frame="0" z_index="18" m_a="1.000000" m_b="0.000000" m_c="0.000000" m_d="1.000000" m_tx="13.500000" m_ty="6.900000"/>
  </frame>
  <frame idx="325" w="310" h="288" x="-22.274605" y="-91.924500">
   <element name="chest01" layername="timeline_0" frame="4" z_index="17" m_a="1.000000" m_b="0.000000" m_c="0.000000" m_d="1.000000" m_tx="0.000000" m_ty="0.000000"/>
   <element name="chest_shadow" layername="timeline_1" frame="0" z_index="18" m_a="1.000000" m_b="0.000000" m_c="0.000000" m_d="1.000000" m_tx="13.500000" m_ty="6.900000"/>
  </frame>
  <frame idx="350" w="310" h="288" x="-22.274605" y="-91.924500">
   <element name="chest01" layername="timeline_0" frame="4" z_index="17" m_a="1.000000" m_b="0.000000" m_c="0.000000" m_d="1.000000" m_tx="0.000000" m_ty="0.000000"/>
   <element name="chest_shadow" layername="timeline_1" frame="0" z_index="18" m_a="1.000000" m_b="0.000000" m_c="0.000000" m_d="1.000000" m_tx="13.500000" m_ty="6.900000"/>
  </frame>
  <frame idx="375" w="310" h="288" x="-22.274605" y="-91.924500">
   <element name="chest01" layername="timeline_0" frame="4" z_index="17" m_a="1.000000" m_b="0.000000" m_c="0.000000" m_d="1.000000" m_tx="0.000000" m_ty="0.000000"/>
   <element name="chest_shadow" layername="timeline_1" frame="0" z_index="18" m_a="1.000000" m_b="0.000000" m_c="0.000000" m_d="1.000000" m_tx="13.500000" m_ty="6.900000"/>
  </frame>
 </anim>
 <anim name="close" root="chest" numframes="350" framerate="40">
  <frame idx="0" w="389" h="410" x="-21.911839" y="-150.235565">
   <element name="chest01" layername="timeline_0" frame="2" z_index="16" m_a="0.996460" m_b="0.000000" m_c="0.000000" m_d="1.004120" m_tx="0.050000" m_ty="0.000000"/>
   <element name="chest01" layername="timeline_1" frame="3" z_index="17" m_a="0.998459" m_b="-0.005249" m_c="0.005274" m_d="1.003316" m_tx="2.100000" m_ty="4.400000"/>
   <element name="chest_shadow" layername="timeline_2" frame="0" z_index="18" m_a="1.000000" m_b="0.000000" m_c="0.000000" m_d="1.000000" m_tx="13.500000" m_ty="6.900000"/>
  </frame>
  <frame idx="25" w="389" h="407" x="-21.884010" y="-153.019043">
   <element name="chest01" layername="timeline_0" frame="2" z_index="16" m_a="0.988662" m_b="0.000000" m_c="0.000000" m_d="1.013208" m_tx="0.160294" m_ty="0.000000"/>
   <element name="chest01" layername="timeline_1" frame="3" z_index="17" m_a="0.995148" m_b="-0.024300" m_c="0.024663" m_d="1.010029" m_tx="3.055882" m_ty="3.517647"/>
   <element name="chest_shadow" layername="timeline_2" frame="0" z_index="18" m_a="1.000000" m_b="0.000000" m_c="0.000000" m_d="1.000000" m_tx="13.500000" m_ty="6.900000"/>
  </frame>
  <frame idx="50" w="389" h="403" x="-21.843538" y="-157.566772">
   <element name="chest01" layername="timeline_0" frame="2" z_index="16" m_a="0.977273" m_b="0.000000" m_c="0.000000" m_d="1.026468" m_tx="0.321212" m_ty="0.000000"/>
   <element name="chest01" layername="timeline_1" frame="3" z_index="17" m_a="0.990354" m_b="-0.050946" m_c="0.052399" m_d="1.018597" m_tx="4.490909" m_ty="2.230303"/>
   <element name="chest_shadow" layername="timeline_2" frame="0" z_index="18" m_a="1.000000" m_b="0.000000" m_c="0.000000" m_d="1.000000" m_tx="13.500000" m_ty="6.900000"/>
  </frame>
  <frame idx="75" w="391" h="398" x="-22.289824" y="-162.846344">
   <element name="chest01" layername="timeline_0" frame="2" z_index="16" m_a="0.962151" m_b="0.000000" m_c="0.000000" m_d="1.044072" m_tx="0.534848" m_ty="0.000000"/>
   <element name="chest01" layername="timeline_1" frame="3" z_index="17" m_a="0.983943" m_b="-0.086178" m_c="0.090029" m_d="1.027911" m_tx="6.413637" m_ty="0.521455"/>
   <element name="chest_shadow" layername="timeline_2" frame="0" z_index="18" m_a="1.000000" m_b="0.000000" m_c="0.000000" m_d="1.000000" m_tx="13.500000" m_ty="6.900000"/>
  </frame>
  <frame idx="100" w="391" h="389" x="-22.223083" y="-168.691315">
   <element name="chest01" layername="timeline_0" frame="2" z_index="16" m_a="0.943390" m_b="0.000000" m_c="0.000000" m_d="1.065920" m_tx="0.800000" m_ty="0.000000"/>
   <element name="chest01" layername="timeline_1" frame="3" z_index="17" m_a="0.975590" m_b="-0.130580" m_c="0.138699" m_d="1.036249" m_tx="8.800000" m_ty="-1.599000"/>
   <element name="chest_shadow" layername="timeline_2" frame="0" z_index="18" m_a="1.000000" m_b="0.000000" m_c="0.000000" m_d="1.000000" m_tx="13.500000" m_ty="6.900000"/>
  </frame>
  <frame idx="125" w="392" h="391" x="-23.383671" y="-167.383331">
   <element name="chest01" layername="timeline_0" frame="2" z_index="16" m_a="0.969936" m_b="0.000000" m_c="0.000000" m_d="1.058780" m_tx="-0.641321" m_ty="3.640562"/>
   <element name="chest01" layername="timeline_1" frame="3" z_index="17" m_a="0.978401" m_b="-0.119057" m_c="0.125813" m_d="1.033916" m_tx="8.172659" m_ty="-1.037296"/>
   <element name="chest_shadow" layername="timeline_2" frame="0" z_index="18" m_a="1.000000" m_b="0.000000" m_c="0.000000" m_d="1.000000" m_tx="13.500000" m_ty="6.900000"/>
  </frame>
  <frame idx="150" w="391" h="400" x="-21.883469" y="-166.052261">
   <element name="chest01" layername="timeline_0" frame="1" z_index="17" m_a="0.994206" m_b="0.000000" m_c="0.000000" m_d="1.006178" m_tx="-0.391962" m_ty="7.720282"/>
   <element name="chest01" layername="timeline_1" frame="3" z_index="17" m_a="0.981076" m_b="-0.107486" m_c="0.113002" m_d="1.031423" m_tx="7.545319" m_ty="-0.475592"/>
   <element name="chest_shadow" layername="timeline_2" frame="0" z_index="18" m_a="1.000000" m_b="0.000000" m_c="0.000000" m_d="1.000000" m_tx="13.500000" m_ty="6.900000"/>
  </frame>
  <frame idx="175" w="391" h="395" x="-22.151566" y="-163.698380">
   <element name="chest01" layername="timeline_0" frame="0" z_index="17" m_a="1.008982" m_b="0.000000" m_c="0.000000" m_d="0.957117" m_tx="0.455457" m_ty="6.706954"/>
   <element name="chest01" layername="timeline_1" frame="3" z_index="17" m_a="0.983613" m_b="-0.095867" m_c="0.100269" m_d="1.028772" m_tx="6.917978" m_ty="0.086112"/>
   <element name="chest_shadow" layername="timeline_2" frame="0" z_index="18" m_a="1.000000" m_b="0.000000" m_c="0.000000" m_d="1.000000" m_tx="13.500000" m_ty="6.900000"/>
  </frame>
  <frame idx="200" w="391" h="398" x="-22.180401" y="-162.322037">
   <element name="chest01" layername="timeline_0" frame="0" z_index="17" m_a="1.006300" m_b="0.000000" m_c="0.000000" m_d="0.969925" m_tx="0.454246" m_ty="6.796708"/>
   <element name="chest01" layername="timeline_1" frame="3" z_index="17" m_a="0.986013" m_b="-0.084204" m_c="0.087616" m_d="1.025965" m_tx="6.290637" m_ty="0.647817"/>
   <element name="chest_shadow" layername="timeline_2" frame="0" z_index="18" m_a="1.000000" m_b="0.000000" m_c="0.000000" m_d="1.000000" m_tx="13.500000" m_ty="6.900000"/>
  </frame>
  <frame idx="225" w="391" h="399" x="-22.202221" y="-160.423538">
   <element name="chest01" layername="timeline_0" frame="0" z_index="17" m_a="1.004271" m_b="0.000000" m_c="0.000000" m_d="0.979607" m_tx="0.453330" m_ty="6.864557"/>
   <element name="chest01" layername="timeline_1" frame="3" z_index="17" m_a="0.988275" m_b="-0.072496" m_c="0.075044" m_d="1.023003" m_tx="5.663296" m_ty="1.209521"/>
   <element name="chest_shadow" layername="timeline_2" frame="0" z_index="18" m_a="1.000000" m_b="0.000000" m_c="0.000000" m_d="1.000000" m_tx="13.500000" m_ty="6.900000"/>
  </frame>
  <frame idx="250" w="391" h="401" x="-22.220345" y="-158.503189">
   <element name="chest01" layername="timeline_0" frame="0" z_index="17" m_a="1.002585" m_b="0.000000" m_c="0.000000" m_d="0.987643" m_tx="0.452569" m_ty="6.920865"/>
   <element name="chest01" layername="timeline_1" frame="3" z_index="17" m_a="0.990397" m_b="-0.060747" m_c="0.062556" m_d="1.019888" m_tx="5.035955" m_ty="1.771225"/>
   <element name="chest_shadow" layername="timeline_2" frame="0" z_index="18" m_a="1.000000" m_b="0.000000" m_c="0.000000" m_d="1.000000" m_tx="13.500000" m_ty="6.900000"/>
  </frame>
  <frame idx="275" w="391" h="404" x="-22.234306" y="-157.061340">
   <element name="chest01" layername="timeline_0" frame="0" z_index="17" m_a="1.001286" m_b="0.000000" m_c="0.000000" m_d="0.993846" m_tx="0.451983" m_ty="6.964331"/>
   <element name="chest01" layername="timeline_1" frame="3" z_index="17" m_a="0.992379" m_b="-0.048957" m_c="0.050153" m_d="1.016621" m_tx="4.408614" m_ty="2.332929"/>
   <element name="chest_shadow" layername="timeline_2" frame="0" z_index="18" m_a="1.000000" m_b="0.000000" m_c="0.000000" m_d="1.000000" m_tx="13.500000" m_ty="6.900000"/>
  </frame>
  <frame idx="300" w="389" h="405" x="-21.743835" y="-155.098328">
   <element name="chest01" layername="timeline_0" frame="0" z_index="17" m_a="1.000400" m_b="0.000000" m_c="0.000000" m_d="0.998123" m_tx="0.451583" m_ty="6.994304"/>
   <element name="chest01" layername="timeline_1" frame="3" z_index="17" m_a="0.994221" m_b="-0.037128" m_c="0.037837" m_d="1.013203" m_tx="3.781273" m_ty="2.894633"/>
   <element name="chest_shadow" layername="timeline_2" frame="0" z_index="18" m_a="1.000000" m_b="0.000000" m_c="0.000000" m_d="1.000000" m_tx="13.500000" m_ty="6.900000"/>
  </frame>
  <frame idx="325" w="389" h="406" x="-21.746998" y="-153.114471">
   <element name="chest01" layername="timeline_0" frame="0" z_index="17" m_a="1.000106" m_b="0.000000" m_c="0.000000" m_d="0.999503" m_tx="0.451450" m_ty="7.003975"/>
   <element name="chest01" layername="timeline_1" frame="3" z_index="17" m_a="0.995922" m_b="-0.025262" m_c="0.025610" m_d="1.009637" m_tx="3.153933" m_ty="3.456337"/>
   <element name="chest_shadow" layername="timeline_2" frame="0" z_index="18" m_a="1.000000" m_b="0.000000" m_c="0.000000" m_d="1.000000" m_tx="13.500000" m_ty="6.900000"/>
  </frame>
 </anim>
 <anim name="closed" root="chest" numframes="50" framerate="40">
  <frame idx="0" w="303" h="311" x="-15.199539" y="-98.024498">
   <element name="chest01" layername="timeline_0" frame="0" z_index="17" m_a="1.000000" m_b="0.000000" m_c="0.000000" m_d="1.000000" m_tx="0.000000" m_ty="0.000000"/>
   <element name="chest_shadow" layername="timeline_1" frame="0" z_index="18" m_a="1.000000" m_b="0.000000" m_c="0.000000" m_d="1.000000" m_tx="13.500000" m_ty="6.900000"/>
  </frame>
  <frame idx="25" w="303" h="311" x="-15.199539" y="-98.024498">
   <element name="chest01" layername="timeline_0" frame="0" z_index="17" m_a="1.000000" m_b="0.000000" m_c="0.000000" m_d="1.000000" m_tx="0.000000" m_ty="0.000000"/>
   <element name="chest_shadow" layername="timeline_1" frame="0" z_index="18" m_a="1.000000" m_b="0.000000" m_c="0.000000" m_d="1.000000" m_tx="13.500000" m_ty="6.900000"/>
  </frame>
 </anim>
 <anim name="hit" root="chest" numframes="425" framerate="40">
  <frame idx="0" w="298" h="341" x="-11.474457" y="-102.597984">
   <element name="chest01" layername="timeline_0" frame="1" z_index="17" m_a="1.027038" m_b="0.050518" m_c="-0.047523" m_d="0.966148" m_tx="0.000000" m_ty="0.000000"/>
   <element name="chest_shadow" layername="timeline_1" frame="0" z_index="18" m_a="1.000000" m_b="0.000000" m_c="0.000000" m_d="1.000000" m_tx="13.500000" m_ty="6.900000"/>
  </frame>
  <frame idx="25" w="299" h="328" x="-12.168398" y="-102.188560">
   <element name="chest01" layername="timeline_0" frame="1" z_index="17" m_a="1.024303" m_b="0.013340" m_c="-0.012610" m_d="0.968221" m_tx="0.000000" m_ty="0.000000"/>
   <element name="chest_shadow" layername="timeline_1" frame="0" z_index="18" m_a="1.000000" m_b="0.000000" m_c="0.000000" m_d="1.000000" m_tx="13.500000" m_ty="6.900000"/>
  </frame>
  <frame idx="50" w="302" h="316" x="-14.679022" y="-101.778931">
   <element name="chest01" layername="timeline_0" frame="1" z_index="17" m_a="1.021362" m_b="-0.024528" m_c="0.023240" m_d="0.967728" m_tx="0.794576" m_ty="-0.190087"/>
   <element name="chest_shadow" layername="timeline_1" frame="0" z_index="18" m_a="1.000000" m_b="0.000000" m_c="0.000000" m_d="1.000000" m_tx="13.500000" m_ty="6.900000"/>
  </frame>
  <frame idx="75" w="306" h="292" x="-16.087555" y="-95.452057">
   <element name="chest01" layername="timeline_0" frame="0" z_index="17" m_a="1.014575" m_b="-0.039297" m_c="0.037724" m_d="0.973969" m_tx="1.678936" m_ty="-0.397651"/>
   <element name="chest_shadow" layername="timeline_1" frame="0" z_index="18" m_a="1.000000" m_b="0.000000" m_c="0.000000" m_d="1.000000" m_tx="13.500000" m_ty="6.900000"/>
  </frame>
  <frame idx="100" w="300" h="311" x="-13.384618" y="-98.261841">
   <element name="chest01" layername="timeline_0" frame="0" z_index="17" m_a="0.999998" m_b="-0.004883" m_c="0.004872" m_d="0.997760" m_tx="1.665832" m_ty="-0.348378"/>
   <element name="chest_shadow" layername="timeline_1" frame="0" z_index="18" m_a="1.000000" m_b="0.000000" m_c="0.000000" m_d="1.000000" m_tx="13.500000" m_ty="6.900000"/>
  </frame>
  <frame idx="125" w="299" h="327" x="-12.288634" y="-100.622314">
   <element name="chest01" layername="timeline_0" frame="0" z_index="17" m_a="0.986242" m_b="0.028438" m_c="-0.029360" m_d="1.018208" m_tx="0.437973" m_ty="-0.079356"/>
   <element name="chest_shadow" layername="timeline_1" frame="0" z_index="18" m_a="1.000000" m_b="0.000000" m_c="0.000000" m_d="1.000000" m_tx="13.500000" m_ty="6.900000"/>
  </frame>
  <frame idx="150" w="299" h="352" x="-11.856113" y="-109.164307">
   <element name="chest01" layername="timeline_0" frame="1" z_index="17" m_a="0.971981" m_b="0.023015" m_c="-0.024485" m_d="1.034039" m_tx="0.000000" m_ty="0.000000"/>
   <element name="chest_shadow" layername="timeline_1" frame="0" z_index="18" m_a="1.000000" m_b="0.000000" m_c="0.000000" m_d="1.000000" m_tx="13.500000" m_ty="6.900000"/>
  </frame>
  <frame idx="175" w="302" h="347" x="-14.291800" y="-110.049080">
   <element name="chest01" layername="timeline_0" frame="1" z_index="17" m_a="0.957554" m_b="-0.002960" m_c="0.003236" m_d="1.046853" m_tx="0.374106" m_ty="-0.093598"/>
   <element name="chest_shadow" layername="timeline_1" frame="0" z_index="18" m_a="1.000000" m_b="0.000000" m_c="0.000000" m_d="1.000000" m_tx="13.500000" m_ty="6.900000"/>
  </frame>
  <frame idx="200" w="304" h="320" x="-16.460331" y="-103.920212">
   <element name="chest01" layername="timeline_0" frame="0" z_index="17" m_a="0.943070" m_b="-0.027668" m_c="0.031050" m_d="1.058365" m_tx="1.561978" m_ty="-0.407038"/>
   <element name="chest_shadow" layername="timeline_1" frame="0" z_index="18" m_a="1.000000" m_b="0.000000" m_c="0.000000" m_d="1.000000" m_tx="13.500000" m_ty="6.900000"/>
  </frame>
  <frame idx="225" w="303" h="318" x="-15.715353" y="-102.419334">
   <element name="chest01" layername="timeline_0" frame="0" z_index="17" m_a="0.955611" m_b="-0.020863" m_c="0.022829" m_d="1.045659" m_tx="1.585692" m_ty="-0.391360"/>
   <element name="chest_shadow" layername="timeline_1" frame="0" z_index="18" m_a="1.000000" m_b="0.000000" m_c="0.000000" m_d="1.000000" m_tx="13.500000" m_ty="6.900000"/>
  </frame>
  <frame idx="250" w="303" h="318" x="-15.028746" y="-101.509476">
   <element name="chest01" layername="timeline_0" frame="0" z_index="17" m_a="0.966870" m_b="-0.014214" m_c="0.015203" m_d="1.034186" m_tx="1.607068" m_ty="-0.376359"/>
   <element name="chest_shadow" layername="timeline_1" frame="0" z_index="18" m_a="1.000000" m_b="0.000000" m_c="0.000000" m_d="1.000000" m_tx="13.500000" m_ty="6.900000"/>
  </frame>
  <frame idx="275" w="302" h="317" x="-14.463737" y="-100.715141">
   <element name="chest01" layername="timeline_0" frame="0" z_index="17" m_a="0.976665" m_b="-0.008598" m_c="0.009016" m_d="1.024138" m_tx="1.625511" m_ty="-0.363568"/>
   <element name="chest_shadow" layername="timeline_1" frame="0" z_index="18" m_a="1.000000" m_b="0.000000" m_c="0.000000" m_d="1.000000" m_tx="13.500000" m_ty="6.900000"/>
  </frame>
  <frame idx="300" w="302" h="316" x="-14.086318" y="-100.058411">
   <element name="chest01" layername="timeline_0" frame="0" z_index="17" m_a="0.984894" m_b="-0.005005" m_c="0.005161" m_d="1.015657" m_tx="1.640547" m_ty="-0.354685"/>
   <element name="chest_shadow" layername="timeline_1" frame="0" z_index="18" m_a="1.000000" m_b="0.000000" m_c="0.000000" m_d="1.000000" m_tx="13.500000" m_ty="6.900000"/>
  </frame>
  <frame idx="325" w="300" h="316" x="-13.285147" y="-99.594299">
   <element name="chest01" layername="timeline_0" frame="0" z_index="17" m_a="0.990584" m_b="-0.001903" m_c="0.001940" m_d="1.009756" m_tx="1.651133" m_ty="-0.347501"/>
   <element name="chest_shadow" layername="timeline_1" frame="0" z_index="18" m_a="1.000000" m_b="0.000000" m_c="0.000000" m_d="1.000000" m_tx="13.500000" m_ty="6.900000"/>
  </frame>
  <frame idx="350" w="300" h="315" x="-13.130266" y="-99.254921">
   <element name="chest01" layername="timeline_0" frame="0" z_index="17" m_a="0.994879" m_b="-0.000505" m_c="0.000510" m_d="1.005298" m_tx="1.658783" m_ty="-0.343649"/>
   <element name="chest_shadow" layername="timeline_1" frame="0" z_index="18" m_a="1.000000" m_b="0.000000" m_c="0.000000" m_d="1.000000" m_tx="13.500000" m_ty="6.900000"/>
  </frame>
  <frame idx="375" w="300" h="314" x="-13.074672" y="-99.043709">
   <element name="chest01" layername="timeline_0" frame="0" z_index="17" m_a="0.997646" m_b="-0.000199" m_c="0.000200" m_d="1.002430" m_tx="1.663503" m_ty="-0.342160"/>
   <element name="chest_shadow" layername="timeline_1" frame="0" z_index="18" m_a="1.000000" m_b="0.000000" m_c="0.000000" m_d="1.000000" m_tx="13.500000" m_ty="6.900000"/>
  </frame>
  <frame idx="400" w="300" h="314" x="-13.057174" y="-98.954887">
   <element name="chest01" layername="timeline_0" frame="0" z_index="17" m_a="0.998825" m_b="-0.000153" m_c="0.000153" m_d="1.001210" m_tx="1.665485" m_ty="-0.341667"/>
   <element name="chest_shadow" layername="timeline_1" frame="0" z_index="18" m_a="1.000000" m_b="0.000000" m_c="0.000000" m_d="1.000000" m_tx="13.500000" m_ty="6.900000"/>
  </frame>
 </anim>
 <anim name="open" root="chest" numframes="200" framerate="40">
  <frame idx="0" w="300" h="333" x="-13.424438" y="-105.299507">
   <element name="chest01" layername="timeline_0" frame="1" z_index="17" m_a="1.000000" m_b="0.000000" m_c="0.000000" m_d="1.000000" m_tx="0.000000" m_ty="0.000000"/>
   <element name="chest_shadow" layername="timeline_1" frame="0" z_index="18" m_a="1.000000" m_b="0.000000" m_c="0.000000" m_d="1.000000" m_tx="13.500000" m_ty="6.900000"/>
  </frame>
  <frame idx="25" w="300" h="357" x="-12.489166" y="-117.097702">
   <element name="chest01" layername="timeline_0" frame="1" z_index="17" m_a="0.958375" m_b="0.000000" m_c="0.000000" m_d="1.048471" m_tx="1.417104" m_ty="-6.051440"/>
   <element name="chest_shadow" layername="timeline_1" frame="0" z_index="18" m_a="1.000000" m_b="0.000000" m_c="0.000000" m_d="1.000000" m_tx="13.500000" m_ty="6.900000"/>
  </frame>
  <frame idx="50" w="389" h="394" x="-20.622906" y="-164.822891">
   <element name="chest01" layername="timeline_0" frame="2" z_index="16" m_a="0.955405" m_b="0.000000" m_c="0.000000" m_d="1.051937" m_tx="1.773118" m_ty="-4.919163"/>
   <element name="chest_shadow" layername="timeline_1" frame="0" z_index="18" m_a="1.000000" m_b="0.000000" m_c="0.000000" m_d="1.000000" m_tx="13.500000" m_ty="6.900000"/>
   <element name="chest01" layername="timeline_2" frame="3" z_index="17" m_a="0.981161" m_b="-0.102224" m_c="0.107435" m_d="1.031176" m_tx="7.296970" m_ty="-0.217667"/>
  </frame>
  <frame idx="75" w="388" h="401" x="-20.663074" y="-158.902740">
   <element name="chest01" layername="timeline_0" frame="2" z_index="16" m_a="0.972457" m_b="0.000000" m_c="0.000000" m_d="1.032086" m_tx="1.552606" m_ty="-4.826335"/>
   <element name="chest_shadow" layername="timeline_1" frame="0" z_index="18" m_a="1.000000" m_b="0.000000" m_c="0.000000" m_d="1.000000" m_tx="13.500000" m_ty="6.900000"/>
   <element name="chest01" layername="timeline_2" frame="3" z_index="17" m_a="0.988193" m_b="-0.062038" m_c="0.064155" m_d="1.021922" m_tx="5.142424" m_ty="1.722727"/>
  </frame>
  <frame idx="100" w="388" h="406" x="-20.694754" y="-154.187592">
   <element name="chest01" layername="timeline_0" frame="2" z_index="16" m_a="0.985855" m_b="0.000000" m_c="0.000000" m_d="1.016480" m_tx="1.379238" m_ty="-4.753356"/>
   <element name="chest_shadow" layername="timeline_1" frame="0" z_index="18" m_a="1.000000" m_b="0.000000" m_c="0.000000" m_d="1.000000" m_tx="13.500000" m_ty="6.900000"/>
   <element name="chest01" layername="timeline_2" frame="3" z_index="17" m_a="0.993867" m_b="-0.031128" m_c="0.031707" m_d="1.012354" m_tx="3.400000" m_ty="3.200000"/>
  </frame>
  <frame idx="125" w="387" h="409" x="-20.713253" y="-151.422150">
   <element name="chest01" layername="timeline_0" frame="2" z_index="16" m_a="0.993653" m_b="0.000000" m_c="0.000000" m_d="1.007392" m_tx="1.278272" m_ty="-4.710857"/>
   <element name="chest_shadow" layername="timeline_1" frame="0" z_index="18" m_a="1.000000" m_b="0.000000" m_c="0.000000" m_d="1.000000" m_tx="13.500000" m_ty="6.900000"/>
   <element name="chest01" layername="timeline_2" frame="3" z_index="17" m_a="0.997297" m_b="-0.012121" m_c="0.012224" m_d="1.005761" m_tx="2.407353" m_ty="4.082353"/>
  </frame>
  <frame idx="150" w="387" h="410" x="-20.723953" y="-149.635406">
   <element name="chest01" layername="timeline_0" frame="2" z_index="16" m_a="0.998176" m_b="0.000000" m_c="0.000000" m_d="1.002122" m_tx="1.219734" m_ty="-4.686216"/>
   <element name="chest_shadow" layername="timeline_1" frame="0" z_index="18" m_a="1.000000" m_b="0.000000" m_c="0.000000" m_d="1.000000" m_tx="13.500000" m_ty="6.900000"/>
   <element name="chest01" layername="timeline_2" frame="3" z_index="17" m_a="0.999201" m_b="-0.002706" m_c="0.002713" m_d="1.001701" m_tx="1.831818" m_ty="4.593939"/>
  </frame>
  <frame idx="175" w="387" h="410" x="-20.728243" y="-148.999039">
   <element name="chest01" layername="timeline_0" frame="2" z_index="16" m_a="1.000000" m_b="0.000000" m_c="0.000000" m_d="1.000000" m_tx="1.196158" m_ty="-4.676291"/>
   <element name="chest_shadow" layername="timeline_1" frame="0" z_index="18" m_a="1.000000" m_b="0.000000" m_c="0.000000" m_d="1.000000" m_tx="13.500000" m_ty="6.900000"/>
   <element name="chest01" layername="timeline_2" frame="3" z_index="17" m_a="1.000000" m_b="0.000000" m_c="0.000000" m_d="1.000000" m_tx="1.600000" m_ty="4.800000"/>
  </frame>
 </anim>
 <anim name="place" root="chest" numframes="825" framerate="40">
  <frame idx="0" w="-2147483648" h="2" x="121180789876859050000000000000000.000000" y="-0.500000"/>
  <frame idx="25" w="-2147483648" h="2" x="121180789876859050000000000000000.000000" y="-0.500000"/>
  <frame idx="50" w="680" h="299" x="-188.431885" y="-95.644447">
   <element name="chest01" layername="timeline_0" frame="6" z_index="14" m_a="0.999496" m_b="0.006377" m_c="-0.006305" m_d="0.988195" m_tx="-67.905060" m_ty="-9.353545"/>
   <element name="chest01" layername="timeline_1" frame="7" z_index="15" m_a="0.994011" m_b="-0.004565" m_c="0.004593" m_d="1.000125" m_tx="41.156059" m_ty="-12.759605"/>
   <element name="chest01" layername="timeline_2" frame="8" z_index="16" m_a="0.995709" m_b="0.000000" m_c="0.000000" m_d="1.034468" m_tx="-54.015667" m_ty="2.857576"/>
   <element name="chest01" layername="timeline_3" frame="9" z_index="17" m_a="0.996915" m_b="0.000000" m_c="0.000000" m_d="1.050385" m_tx="-60.926273" m_ty="2.836364"/>
   <element name="chest_shadow" layername="timeline_4" frame="0" z_index="18" m_a="1.813048" m_b="0.000000" m_c="0.000000" m_d="1.602488" m_tx="-15.327788" m_ty="30.769697"/>
  </frame>
  <frame idx="75" w="674" h="288" x="-187.851776" y="-89.721977">
   <element name="chest01" layername="timeline_0" frame="6" z_index="14" m_a="0.997654" m_b="0.022537" m_c="-0.021646" m_d="0.958176" m_tx="-67.432335" m_ty="-11.042939"/>
   <element name="chest01" layername="timeline_1" frame="7" z_index="15" m_a="0.978092" m_b="-0.018037" m_c="0.018454" m_d="1.000735" m_tx="40.671211" m_ty="-13.964151"/>
   <element name="chest01" layername="timeline_2" frame="8" z_index="16" m_a="0.982738" m_b="0.000000" m_c="0.000000" m_d="1.124164" m_tx="-54.674759" m_ty="0.198727"/>
   <element name="chest01" layername="timeline_3" frame="9" z_index="17" m_a="0.988166" m_b="0.000000" m_c="0.000000" m_d="1.180032" m_tx="-60.788391" m_ty="1.916667"/>
   <element name="chest_shadow" layername="timeline_4" frame="0" z_index="18" m_a="1.782474" m_b="0.000000" m_c="0.000000" m_d="1.512457" m_tx="-12.918697" m_ty="29.106060"/>
  </frame>
  <frame idx="100" w="662" h="268" x="-186.576080" y="-78.912552">
   <element name="chest01" layername="timeline_0" frame="6" z_index="14" m_a="0.993142" m_b="0.051735" m_c="-0.047051" m_d="0.903216" m_tx="-66.598999" m_ty="-14.149000"/>
   <element name="chest01" layername="timeline_1" frame="7" z_index="15" m_a="0.947825" m_b="-0.044065" m_c="0.046574" m_d="1.001778" m_tx="39.799999" m_ty="-16.198999"/>
   <element name="chest01" layername="timeline_2" frame="8" z_index="16" m_a="0.956451" m_b="0.000000" m_c="0.000000" m_d="1.290020" m_tx="-55.848999" m_ty="-4.649000"/>
   <element name="chest01" layername="timeline_3" frame="9" z_index="17" m_a="0.971069" m_b="0.000000" m_c="0.000000" m_d="1.417880" m_tx="-60.598999" m_ty="0.250000"/>
   <element name="chest_shadow" layername="timeline_4" frame="0" z_index="18" m_a="1.726550" m_b="0.000000" m_c="0.000000" m_d="1.347760" m_tx="-8.449000" m_ty="26.000000"/>
  </frame>
  <frame idx="125" w="642" h="233" x="-183.259323" y="-59.383255">
   <element name="chest01" layername="timeline_0" frame="6" z_index="14" m_a="0.980285" m_b="0.091059" m_c="-0.076217" m_d="0.820510" m_tx="-65.128410" m_ty="-19.149000"/>
   <element name="chest01" layername="timeline_1" frame="7" z_index="15" m_a="0.893650" m_b="-0.087600" m_c="0.098462" m_d="1.004465" m_tx="38.366177" m_ty="-19.765177"/>
   <element name="chest01" layername="timeline_2" frame="8" z_index="16" m_a="0.896763" m_b="0.000000" m_c="0.000000" m_d="1.564182" m_tx="-57.797531" m_ty="-12.479882"/>
   <element name="chest01" layername="timeline_3" frame="9" z_index="17" m_a="0.936131" m_b="0.000000" m_c="0.000000" m_d="1.804689" m_tx="-60.194588" m_ty="-2.433088"/>
   <element name="chest_shadow" layername="timeline_4" frame="0" z_index="18" m_a="1.636138" m_b="0.000000" m_c="0.000000" m_d="1.081362" m_tx="-1.317383" m_ty="20.963236"/>
  </frame>
  <frame idx="150" w="534" h="636" x="-156.628906" y="-350.322632">
   <element name="chest01" layername="timeline_0" frame="6" z_index="14" m_a="0.159352" m_b="-0.925144" m_c="0.998070" m_d="0.171914" m_tx="-65.350517" m_ty="-20.003546"/>
   <element name="chest01" layername="timeline_1" frame="7" z_index="15" m_a="0.213136" m_b="0.868999" m_c="-1.047073" m_d="0.256812" m_tx="39.159088" m_ty="-17.655060"/>
   <element name="chest01" layername="timeline_2" frame="8" z_index="16" m_a="0.905996" m_b="0.246343" m_c="-0.477226" m_d="1.755133" m_tx="-52.729301" m_ty="-22.644455"/>
   <element name="chest01" layername="timeline_3" frame="9" z_index="17" m_a="1.023216" m_b="-0.323340" m_c="0.697730" m_d="2.207981" m_tx="-52.606575" m_ty="5.836879"/>
   <element name="chest_shadow" layername="timeline_4" frame="0" z_index="18" m_a="1.310940" m_b="0.000000" m_c="0.000000" m_d="0.992509" m_tx="7.189394" m_ty="13.210606"/>
  </frame>
  <frame idx="175" w="694" h="401" x="-310.270111" y="-216.831329">
   <element name="chest01" layername="timeline_0" frame="6" z_index="14" m_a="-0.865006" m_b="-0.249267" m_c="0.370627" m_d="-1.286150" m_tx="-62.245972" m_ty="-25.071728"/>
   <element name="chest01" layername="timeline_1" frame="7" z_index="15" m_a="-0.904041" m_b="0.395352" m_c="-0.483608" m_d="-1.105855" m_tx="41.374241" m_ty="-18.788393"/>
   <element name="chest01" layername="timeline_2" frame="8" z_index="16" m_a="0.905116" m_b="1.145996" m_c="-1.414613" m_d="1.117271" m_tx="-96.516983" m_ty="-91.332520"/>
   <element name="chest01" layername="timeline_3" frame="9" z_index="17" m_a="0.860792" m_b="-1.349360" m_c="2.037273" m_d="1.299629" m_tx="-13.959849" m_ty="0.159332"/>
   <element name="chest_shadow" layername="timeline_4" frame="0" z_index="18" m_a="1.000000" m_b="0.000000" m_c="0.000000" m_d="1.000000" m_tx="13.500000" m_ty="6.900000"/>
  </frame>
  <frame idx="200" w="716" h="1274" x="-393.935547" y="-682.666931">
   <element name="chest01" layername="timeline_0" frame="6" z_index="14" m_a="-0.690905" m_b="-0.606932" m_c="1.078156" m_d="-1.227325" m_tx="-50.049000" m_ty="-44.049000"/>
   <element name="chest01" layername="timeline_1" frame="7" z_index="15" m_a="-0.814226" m_b="0.913578" m_c="-1.036816" m_d="-0.924061" m_tx="43.950001" m_ty="-33.598999"/>
   <element name="chest01" layername="timeline_2" frame="9" z_index="16" m_a="-1.226276" m_b="2.604318" m_c="-1.116410" m_d="-0.525676" m_tx="133.483765" m_ty="-519.970154"/>
   <element name="chest01" layername="timeline_3" frame="9" z_index="17" m_a="-1.539641" m_b="-2.281409" m_c="1.241544" m_d="-0.837874" m_tx="82.099998" m_ty="-48.249001"/>
   <element name="chest_shadow" layername="timeline_4" frame="0" z_index="18" m_a="1.000000" m_b="0.000000" m_c="0.000000" m_d="1.000000" m_tx="13.500000" m_ty="6.900000"/>
  </frame>
  <frame idx="225" w="695" h="1242" x="-325.145935" y="-666.469360">
   <element name="chest01" layername="timeline_0" frame="6" z_index="14" m_a="0.668451" m_b="-0.498525" m_c="1.223769" m_d="1.640902" m_tx="9.741229" m_ty="75.780197"/>
   <element name="chest01" layername="timeline_1" frame="7" z_index="15" m_a="0.604975" m_b="0.421473" m_c="-0.748839" m_d="1.074870" m_tx="9.259768" m_ty="-15.752231"/>
   <element name="chest01" layername="timeline_2" frame="9" z_index="16" m_a="-0.989987" m_b="2.623960" m_c="-1.145908" m_d="-0.432337" m_tx="86.401184" m_ty="-502.612610"/>
   <element name="chest01" layername="timeline_3" frame="9" z_index="17" m_a="-1.305927" m_b="-2.343990" m_c="1.291302" m_d="-0.719434" m_tx="76.457291" m_ty="-46.220253"/>
   <element name="chest_shadow" layername="timeline_4" frame="0" z_index="18" m_a="1.000000" m_b="0.000000" m_c="0.000000" m_d="1.000000" m_tx="13.500000" m_ty="6.900000"/>
  </frame>
  <frame idx="250" w="592" h="1205" x="-280.406738" y="-645.769775">
   <element name="chest01" layername="timeline_0" frame="2" z_index="16" m_a="0.844794" m_b="0.000000" m_c="0.000000" m_d="1.942152" m_tx="-51.508831" m_ty="141.219345"/>
   <element name="chest01" layername="timeline_1" frame="5" z_index="17" m_a="0.577828" m_b="0.000000" m_c="0.000000" m_d="0.736526" m_tx="25.834888" m_ty="-81.728691"/>
   <element name="chest01" layername="timeline_2" frame="9" z_index="16" m_a="-0.758456" m_b="2.622971" m_c="-1.167690" m_d="-0.337648" m_tx="43.344746" m_ty="-481.660126"/>
   <element name="chest01" layername="timeline_3" frame="9" z_index="17" m_a="-1.072997" m_b="-2.383773" m_c="1.330029" m_d="-0.598680" m_tx="70.814590" m_ty="-44.191509"/>
   <element name="chest_shadow" layername="timeline_4" frame="0" z_index="18" m_a="1.000000" m_b="0.000000" m_c="0.000000" m_d="1.000000" m_tx="13.500000" m_ty="6.900000"/>
   <element name="sparkle" layername="timeline_5" frame="0" z_index="15" m_a="0.086504" m_b="0.004057" m_c="-0.004057" m_d="0.086504" m_tx="-43.932335" m_ty="-167.118698"/>
  </frame>
  <frame idx="275" w="557" h="1163" x="-248.939972" y="-620.468384">
   <element name="chest01" layername="timeline_0" frame="2" z_index="16" m_a="0.904117" m_b="0.000000" m_c="0.000000" m_d="1.582051" m_tx="-55.770466" m_ty="119.205803"/>
   <element name="chest01" layername="timeline_1" frame="5" z_index="17" m_a="0.668175" m_b="0.000000" m_c="0.000000" m_d="0.310570" m_tx="32.484196" m_ty="-151.304840"/>
   <element name="chest01" layername="timeline_2" frame="9" z_index="16" m_a="-0.533433" m_b="2.602239" m_c="-1.181728" m_d="-0.242242" m_tx="4.485607" m_ty="-457.676605"/>
   <element name="chest01" layername="timeline_3" frame="9" z_index="17" m_a="-0.842997" m_b="-2.401367" m_c="1.357701" m_d="-0.476620" m_tx="65.171883" m_ty="-42.162762"/>
   <element name="chest_shadow" layername="timeline_4" frame="0" z_index="18" m_a="1.000000" m_b="0.000000" m_c="0.000000" m_d="1.000000" m_tx="13.500000" m_ty="6.900000"/>
   <element name="sparkle" layername="timeline_5" frame="0" z_index="15" m_a="0.095290" m_b="0.016203" m_c="-0.016203" m_d="0.095290" m_tx="-48.552029" m_ty="-161.133850"/>
  </frame>
  <frame idx="300" w="539" h="1115" x="-216.825134" y="-590.992432">
   <element name="chest01" layername="timeline_0" frame="2" z_index="16" m_a="0.950760" m_b="0.000000" m_c="0.000000" m_d="1.298930" m_tx="-59.109032" m_ty="101.930008"/>
   <element name="chest01" layername="timeline_1" frame="5" z_index="17" m_a="0.898605" m_b="0.000000" m_c="0.000000" m_d="0.789337" m_tx="50.251026" m_ty="-108.457321"/>
   <element name="chest01" layername="timeline_2" frame="9" z_index="16" m_a="-0.316553" m_b="2.562798" m_c="-1.188046" m_d="-0.146746" m_tx="-30.069727" m_ty="-431.222870"/>
   <element name="chest01" layername="timeline_3" frame="9" z_index="17" m_a="-0.617977" m_b="-2.397576" m_c="1.374380" m_d="-0.354247" m_tx="59.529179" m_ty="-40.134018"/>
   <element name="chest_shadow" layername="timeline_4" frame="0" z_index="18" m_a="1.000000" m_b="0.000000" m_c="0.000000" m_d="1.000000" m_tx="13.500000" m_ty="6.900000"/>
   <element name="sparkle" layername="timeline_5" frame="0" z_index="15" m_a="0.106339" m_b="0.044051" m_c="-0.044051" m_d="0.106339" m_tx="-53.249001" m_ty="-155.149002"/>
  </frame>
  <frame idx="325" w="531" h="1065" x="-183.977814" y="-558.291748">
   <element name="chest01" layername="timeline_0" frame="2" z_index="16" m_a="0.977911" m_b="0.000000" m_c="0.000000" m_d="1.134092" m_tx="-61.067249" m_ty="91.821121"/>
   <element name="chest01" layername="timeline_1" frame="5" z_index="17" m_a="0.973160" m_b="0.000000" m_c="0.000000" m_d="0.944236" m_tx="55.974117" m_ty="-94.582436"/>
   <element name="chest01" layername="timeline_2" frame="9" z_index="16" m_a="-0.109333" m_b="2.505813" m_c="-1.186719" m_d="-0.051778" m_tx="-60.277077" m_ty="-402.849640"/>
   <element name="chest01" layername="timeline_3" frame="9" z_index="17" m_a="-0.399865" m_b="-2.373390" m_c="1.380218" m_d="-0.232537" m_tx="53.886475" m_ty="-38.105270"/>
   <element name="chest_shadow" layername="timeline_4" frame="0" z_index="18" m_a="1.000000" m_b="0.000000" m_c="0.000000" m_d="1.000000" m_tx="13.500000" m_ty="6.900000"/>
   <element name="sparkle" layername="timeline_5" frame="0" z_index="15" m_a="0.105486" m_b="0.099039" m_c="-0.099039" m_d="0.105486" m_tx="-55.160763" m_ty="-151.325470"/>
  </frame>
  <frame idx="350" w="501" h="1010" x="-147.833984" y="-522.333374">
   <element name="chest01" layername="timeline_0" frame="2" z_index="16" m_a="0.993656" m_b="0.000000" m_c="0.000000" m_d="1.038508" m_tx="-62.194698" m_ty="85.974739"/>
   <element name="chest01" layername="timeline_1" frame="5" z_index="17" m_a="1.000000" m_b="0.000000" m_c="0.000000" m_d="1.000000" m_tx="58.034428" m_ty="-88.545059"/>
   <element name="chest01" layername="timeline_2" frame="9" z_index="16" m_a="0.086854" m_b="2.432571" m_c="-1.177871" m_d="0.042055" m_tx="-86.152573" m_ty="-373.091675"/>
   <element name="chest01" layername="timeline_3" frame="9" z_index="17" m_a="-0.190459" m_b="-2.329969" m_c="1.375452" m_d="-0.112434" m_tx="48.243771" m_ty="-36.076523"/>
   <element name="chest_shadow" layername="timeline_4" frame="0" z_index="18" m_a="1.000000" m_b="0.000000" m_c="0.000000" m_d="1.000000" m_tx="13.500000" m_ty="6.900000"/>
   <element name="sparkle" layername="timeline_5" frame="0" z_index="15" m_a="0.063400" m_b="0.171630" m_c="-0.171630" m_d="0.063400" m_tx="-57.133850" m_ty="-147.427780"/>
  </frame>
  <frame idx="375" w="507" h="953" x="-153.791275" y="-483.596954">
   <element name="chest01" layername="timeline_0" frame="2" z_index="16" m_a="1.000000" m_b="0.000000" m_c="0.000000" m_d="1.000000" m_tx="-62.643600" m_ty="83.629608"/>
   <element name="chest01" layername="timeline_1" frame="5" z_index="17" m_a="1.000000" m_b="0.000000" m_c="0.000000" m_d="1.000000" m_tx="58.034428" m_ty="-85.885971"/>
   <element name="chest01" layername="timeline_2" frame="9" z_index="16" m_a="0.270765" m_b="2.344461" m_c="-1.161674" m_d="0.134164" m_tx="-107.767487" m_ty="-342.461304"/>
   <element name="chest01" layername="timeline_3" frame="9" z_index="17" m_a="0.008592" m_b="-2.268626" m_c="1.360399" m_d="0.005152" m_tx="42.601063" m_ty="-34.047779"/>
   <element name="chest_shadow" layername="timeline_4" frame="0" z_index="18" m_a="1.000000" m_b="0.000000" m_c="0.000000" m_d="1.000000" m_tx="13.500000" m_ty="6.900000"/>
   <element name="sparkle" layername="timeline_5" frame="0" z_index="15" m_a="-0.048882" m_b="0.224617" m_c="-0.224617" m_d="-0.048882" m_tx="-58.499001" m_ty="-144.748993"/>
  </frame>
  <frame idx="400" w="542" h="893" x="-185.511230" y="-443.069305">
   <element name="chest01" layername="timeline_0" frame="2" z_index="16" m_a="1.000000" m_b="0.000000" m_c="0.000000" m_d="1.000000" m_tx="-62.643600" m_ty="83.629608"/>
   <element name="chest01" layername="timeline_1" frame="5" z_index="17" m_a="1.000000" m_b="0.000000" m_c="0.000000" m_d="1.000000" m_tx="58.034428" m_ty="-81.037491"/>
   <element name="chest01" layername="timeline_2" frame="9" z_index="16" m_a="0.441317" m_b="2.242965" m_c="-1.138344" m_d="0.223976" m_tx="-125.245850" m_ty="-311.443665"/>
   <element name="chest01" layername="timeline_3" frame="9" z_index="17" m_a="0.195800" m_b="-2.190812" m_c="1.335456" m_d="0.119354" m_tx="36.958359" m_ty="-32.019032"/>
   <element name="chest_shadow" layername="timeline_4" frame="0" z_index="18" m_a="1.000000" m_b="0.000000" m_c="0.000000" m_d="1.000000" m_tx="13.500000" m_ty="6.900000"/>
   <element name="sparkle" layername="timeline_5" frame="0" z_index="15" m_a="-0.220185" m_b="0.180572" m_c="-0.180572" m_d="-0.220185" m_tx="-58.499001" m_ty="-144.748993"/>
  </frame>
  <frame idx="425" w="526" h="832" x="-170.801910" y="-401.239716">
   <element name="chest01" layername="timeline_0" frame="2" z_index="16" m_a="1.000000" m_b="0.000000" m_c="0.000000" m_d="1.000000" m_tx="-62.643600" m_ty="83.629608"/>
   <element name="chest01" layername="timeline_1" frame="5" z_index="17" m_a="1.000000" m_b="0.000000" m_c="0.000000" m_d="1.000000" m_tx="58.034428" m_ty="-73.169838"/>
   <element name="chest01" layername="timeline_2" frame="9" z_index="16" m_a="0.597583" m_b="2.129638" m_c="-1.108143" m_d="0.310948" m_tx="-138.759674" m_ty="-280.491241"/>
   <element name="chest01" layername="timeline_3" frame="9" z_index="17" m_a="0.369848" m_b="-2.098098" m_c="1.301089" m_d="0.229353" m_tx="31.315651" m_ty="-29.990286"/>
   <element name="chest_shadow" layername="timeline_4" frame="0" z_index="18" m_a="1.000000" m_b="0.000000" m_c="0.000000" m_d="1.000000" m_tx="13.500000" m_ty="6.900000"/>
   <element name="sparkle" layername="timeline_5" frame="0" z_index="15" m_a="-0.348620" m_b="-0.037421" m_c="0.037421" m_d="-0.348620" m_tx="-58.535763" m_ty="-144.712234"/>
  </frame>
  <frame idx="450" w="442" h="770" x="-94.837418" y="-358.595032">
   <element name="chest01" layername="timeline_0" frame="2" z_index="16" m_a="1.016097" m_b="0.000000" m_c="0.000000" m_d="0.983524" m_tx="-63.433235" m_ty="84.378212"/>
   <element name="chest01" layername="timeline_1" frame="5" z_index="17" m_a="1.000000" m_b="0.000000" m_c="0.000000" m_d="1.000000" m_tx="57.367050" m_ty="-68.015945"/>
   <element name="chest01" layername="timeline_2" frame="9" z_index="16" m_a="0.738792" m_b="2.006100" m_c="-1.071373" m_d="0.394558" m_tx="-148.522919" m_ty="-250.020294"/>
   <element name="chest01" layername="timeline_3" frame="9" z_index="17" m_a="0.529603" m_b="-1.992154" m_c="1.257830" m_d="0.334387" m_tx="25.672949" m_ty="-27.961540"/>
   <element name="chest_shadow" layername="timeline_4" frame="0" z_index="18" m_a="1.000000" m_b="0.000000" m_c="0.000000" m_d="1.000000" m_tx="13.500000" m_ty="6.900000"/>
   <element name="sparkle" layername="timeline_5" frame="0" z_index="15" m_a="-0.225953" m_b="-0.360340" m_c="0.360340" m_d="-0.225953" m_tx="-54.306576" m_ty="-127.899002"/>
  </frame>
  <frame idx="475" w="436" h="706" x="-90.604874" y="-315.114746">
   <element name="chest01" layername="timeline_0" frame="0" z_index="17" m_a="1.022085" m_b="0.000000" m_c="0.000000" m_d="0.975171" m_tx="-64.632820" m_ty="134.988419"/>
   <element name="chest01" layername="timeline_1" frame="5" z_index="17" m_a="1.000000" m_b="0.000000" m_c="0.000000" m_d="1.000000" m_tx="56.324272" m_ty="-64.388535"/>
   <element name="chest01" layername="timeline_2" frame="9" z_index="16" m_a="0.864349" m_b="1.874011" m_c="-1.028376" m_d="0.474317" m_tx="-154.787933" m_ty="-220.406509"/>
   <element name="chest01" layername="timeline_3" frame="9" z_index="17" m_a="0.674116" m_b="-1.874734" m_c="1.206274" m_d="0.433752" m_tx="20.030245" m_ty="-25.932795"/>
   <element name="chest_shadow" layername="timeline_4" frame="0" z_index="18" m_a="1.000000" m_b="0.000000" m_c="0.000000" m_d="1.000000" m_tx="13.500000" m_ty="6.900000"/>
   <element name="sparkle" layername="timeline_5" frame="0" z_index="16" m_a="0.223208" m_b="-0.457442" m_c="0.457442" m_d="0.223208" m_tx="-48.598999" m_ty="-111.479301"/>
  </frame>
  <frame idx="500" w="433" h="646" x="-88.766159" y="-274.257751">
   <element name="chest01" layername="timeline_0" frame="0" z_index="17" m_a="0.987350" m_b="0.000000" m_c="0.000000" m_d="1.003770" m_tx="-62.436317" m_ty="138.947281"/>
   <element name="chest01" layername="timeline_1" frame="5" z_index="17" m_a="1.000000" m_b="0.000000" m_c="0.000000" m_d="1.000000" m_tx="55.281498" m_ty="-60.761135"/>
   <element name="chest01" layername="timeline_2" frame="9" z_index="16" m_a="0.973817" m_b="1.735061" m_c="-0.979529" m_d="0.549768" m_tx="-157.838608" m_ty="-191.982605"/>
   <element name="chest01" layername="timeline_3" frame="9" z_index="17" m_a="0.802637" m_b="-1.747652" m_c="1.147069" m_d="0.526810" m_tx="14.387541" m_ty="-23.904049"/>
   <element name="chest_shadow" layername="timeline_4" frame="0" z_index="18" m_a="1.000000" m_b="0.000000" m_c="0.000000" m_d="1.000000" m_tx="13.500000" m_ty="6.900000"/>
   <element name="sparkle" layername="timeline_5" frame="0" z_index="16" m_a="0.601166" m_b="0.000000" m_c="0.000000" m_d="0.601166" m_tx="-44.848999" m_ty="-115.948997"/>
  </frame>
  <frame idx="525" w="483" h="609" x="-115.076157" y="-255.221741">
   <element name="chest01" layername="timeline_0" frame="0" z_index="17" m_a="0.967132" m_b="0.000000" m_c="0.000000" m_d="1.020432" m_tx="-61.157825" m_ty="141.253693"/>
   <element name="chest01" layername="timeline_1" frame="5" z_index="17" m_a="1.000000" m_b="0.000000" m_c="0.000000" m_d="1.000000" m_tx="54.238716" m_ty="-57.133728"/>
   <element name="chest01" layername="timeline_2" frame="9" z_index="16" m_a="1.066932" m_b="1.590951" m_c="-0.925241" m_d="0.620490" m_tx="-157.985199" m_ty="-165.035553"/>
   <element name="chest01" layername="timeline_3" frame="9" z_index="17" m_a="0.914608" m_b="-1.612764" m_c="1.080910" m_d="0.612991" m_tx="8.744832" m_ty="-21.875301"/>
   <element name="chest_shadow" layername="timeline_4" frame="0" z_index="18" m_a="1.000000" m_b="0.000000" m_c="0.000000" m_d="1.000000" m_tx="13.500000" m_ty="6.900000"/>
   <element name="sparkle" layername="timeline_5" frame="0" z_index="16" m_a="0.239373" m_b="0.452251" m_c="-0.452251" m_d="0.239373" m_tx="-41.246059" m_ty="-120.323997"/>
  </frame>
  <frame idx="550" w="602" h="572" x="-204.016403" y="-235.469009">
   <element name="chest01" layername="timeline_0" frame="0" z_index="17" m_a="0.955400" m_b="0.000000" m_c="0.000000" m_d="1.030091" m_tx="-60.415928" m_ty="142.590714"/>
   <element name="chest01" layername="timeline_1" frame="5" z_index="17" m_a="1.000000" m_b="0.000000" m_c="0.000000" m_d="1.000000" m_tx="53.195946" m_ty="-53.506325"/>
   <element name="chest01" layername="timeline_2" frame="9" z_index="16" m_a="1.143596" m_b="1.443379" m_c="-0.865954" m_d="0.686099" m_tx="-155.558441" m_ty="-139.805222"/>
   <element name="chest01" layername="timeline_3" frame="9" z_index="17" m_a="1.009674" m_b="-1.471946" m_c="1.008533" m_d="0.691799" m_tx="3.102129" m_ty="-19.846556"/>
   <element name="chest_shadow" layername="timeline_4" frame="0" z_index="18" m_a="1.000000" m_b="0.000000" m_c="0.000000" m_d="1.000000" m_tx="13.500000" m_ty="6.900000"/>
   <element name="sparkle" layername="timeline_5" frame="0" z_index="16" m_a="-0.213453" m_b="0.371553" m_c="-0.371553" m_d="-0.213453" m_tx="-37.549000" m_ty="-124.759605"/>
  </frame>
  <frame idx="575" w="576" h="532" x="-165.984177" y="-214.701523">
   <element name="chest01" layername="timeline_0" frame="0" z_index="17" m_a="0.955902" m_b="0.000000" m_c="0.000000" m_d="1.030378" m_tx="-60.447689" m_ty="142.630447"/>
   <element name="chest01" layername="timeline_1" frame="5" z_index="17" m_a="1.000000" m_b="0.000000" m_c="0.000000" m_d="1.000000" m_tx="52.153168" m_ty="-49.878922"/>
   <element name="chest01" layername="timeline_2" frame="9" z_index="16" m_a="1.203876" m_b="1.294025" m_c="-0.802132" m_d="0.746251" m_tx="-150.903427" m_ty="-116.483154"/>
   <element name="chest01" layername="timeline_3" frame="9" z_index="17" m_a="1.087674" m_b="-1.327076" m_c="0.930707" m_d="0.762810" m_tx="-2.540575" m_ty="-17.817810"/>
   <element name="chest_shadow" layername="timeline_4" frame="0" z_index="18" m_a="1.000000" m_b="0.000000" m_c="0.000000" m_d="1.000000" m_tx="13.500000" m_ty="6.900000"/>
   <element name="sparkle" layername="timeline_5" frame="0" z_index="16" m_a="-0.349601" m_b="0.046053" m_c="-0.046053" m_d="-0.349601" m_tx="-33.811123" m_ty="-129.253540"/>
  </frame>
  <frame idx="600" w="508" h="493" x="-93.967361" y="-194.119904">
   <element name="chest01" layername="timeline_0" frame="0" z_index="17" m_a="0.972260" m_b="0.000000" m_c="0.000000" m_d="1.019120" m_tx="-61.482082" m_ty="141.072113"/>
   <element name="chest01" layername="timeline_1" frame="5" z_index="17" m_a="1.000000" m_b="0.000000" m_c="0.000000" m_d="1.000000" m_tx="51.110390" m_ty="-46.251511"/>
   <element name="chest01" layername="timeline_2" frame="9" z_index="16" m_a="1.247998" m_b="1.144532" m_c="-0.734265" m_d="0.800643" m_tx="-144.373886" m_ty="-95.212379"/>
   <element name="chest01" layername="timeline_3" frame="9" z_index="17" m_a="1.148645" m_b="-1.180012" m_c="0.848227" m_d="0.825679" m_tx="-8.183279" m_ty="-15.789064"/>
   <element name="chest_shadow" layername="timeline_4" frame="0" z_index="18" m_a="1.000000" m_b="0.000000" m_c="0.000000" m_d="1.000000" m_tx="13.500000" m_ty="6.900000"/>
   <element name="sparkle" layername="timeline_5" frame="0" z_index="16" m_a="-0.220185" m_b="-0.180586" m_c="0.180586" m_d="-0.220185" m_tx="-30.099001" m_ty="-133.798996"/>
  </frame>
  <frame idx="625" w="514" h="457" x="-95.067200" y="-176.638702">
   <element name="chest01" layername="timeline_0" frame="0" z_index="17" m_a="0.983592" m_b="0.000000" m_c="0.000000" m_d="1.011311" m_tx="-62.198650" m_ty="139.991165"/>
   <element name="chest01" layername="timeline_1" frame="5" z_index="17" m_a="1.000000" m_b="0.000000" m_c="0.000000" m_d="1.000000" m_tx="50.067612" m_ty="-42.624107"/>
   <element name="chest01" layername="timeline_2" frame="9" z_index="16" m_a="1.276346" m_b="0.996497" m_c="-0.662862" m_d="0.849016" m_tx="-136.326172" m_ty="-76.087769"/>
   <element name="chest01" layername="timeline_3" frame="9" z_index="17" m_a="1.192812" m_b="-1.032576" m_c="0.761906" m_d="0.880140" m_tx="-13.825983" m_ty="-13.760319"/>
   <element name="chest_shadow" layername="timeline_4" frame="0" z_index="18" m_a="1.000000" m_b="0.000000" m_c="0.000000" m_d="1.000000" m_tx="13.500000" m_ty="6.900000"/>
   <element name="sparkle" layername="timeline_5" frame="0" z_index="16" m_a="-0.053669" m_b="-0.225184" m_c="0.225184" m_d="-0.053669" m_tx="-26.459295" m_ty="-138.137238"/>
  </frame>
  <frame idx="650" w="514" h="443" x="-95.520866" y="-179.582382">
   <element name="chest01" layername="timeline_0" frame="0" z_index="17" m_a="0.992162" m_b="0.000000" m_c="0.000000" m_d="1.005402" m_tx="-62.740589" m_ty="139.173172"/>
   <element name="chest01" layername="timeline_1" frame="5" z_index="17" m_a="1.000000" m_b="0.000000" m_c="0.000000" m_d="1.000000" m_tx="49.024834" m_ty="-38.996704"/>
   <element name="chest01" layername="timeline_2" frame="9" z_index="16" m_a="1.289453" m_b="0.851448" m_c="-0.588445" m_d="0.891154" m_tx="-127.113739" m_ty="-59.156784"/>
   <element name="chest01" layername="timeline_3" frame="9" z_index="17" m_a="1.220585" m_b="-0.886529" m_c="0.672569" m_d="0.926002" m_tx="-19.468695" m_ty="-11.731570"/>
   <element name="chest_shadow" layername="timeline_4" frame="0" z_index="18" m_a="1.000000" m_b="0.000000" m_c="0.000000" m_d="1.000000" m_tx="13.500000" m_ty="6.900000"/>
   <element name="sparkle" layername="timeline_5" frame="0" z_index="16" m_a="0.060378" m_b="-0.174543" m_c="0.174543" m_d="0.060378" m_tx="-22.773243" m_ty="-142.583847"/>
  </frame>
  <frame idx="675" w="508" h="428" x="-95.312798" y="-181.646362">
   <element name="chest01" layername="timeline_0" frame="0" z_index="17" m_a="0.997676" m_b="0.000000" m_c="0.000000" m_d="1.001598" m_tx="-63.089325" m_ty="138.646683"/>
   <element name="chest01" layername="timeline_1" frame="5" z_index="17" m_a="1.000000" m_b="0.000000" m_c="0.000000" m_d="1.000000" m_tx="47.982059" m_ty="-35.369293"/>
   <element name="chest01" layername="timeline_2" frame="9" z_index="16" m_a="1.287989" m_b="0.710842" m_c="-0.511550" m_d="0.926887" m_tx="-117.081436" m_ty="-44.421539"/>
   <element name="chest01" layername="timeline_3" frame="9" z_index="17" m_a="1.232549" m_b="-0.743559" m_c="0.581043" m_d="0.963157" m_tx="-25.111399" m_ty="-9.702825"/>
   <element name="chest_shadow" layername="timeline_4" frame="0" z_index="18" m_a="1.000000" m_b="0.000000" m_c="0.000000" m_d="1.000000" m_tx="13.500000" m_ty="6.900000"/>
   <element name="sparkle" layername="timeline_5" frame="0" z_index="16" m_a="0.105043" m_b="-0.100809" m_c="0.100809" m_d="0.105043" m_tx="-20.249001" m_ty="-145.649002"/>
  </frame>
  <frame idx="700" w="496" h="409" x="-94.435791" y="-180.146301">
   <element name="chest01" layername="timeline_0" frame="0" z_index="17" m_a="1.000000" m_b="0.000000" m_c="0.000000" m_d="1.000000" m_tx="-63.236256" m_ty="138.425415"/>
   <element name="chest01" layername="timeline_1" frame="5" z_index="17" m_a="1.000000" m_b="0.000000" m_c="0.000000" m_d="1.000000" m_tx="46.939281" m_ty="-31.741892"/>
   <element name="chest01" layername="timeline_2" frame="9" z_index="16" m_a="1.272761" m_b="0.576044" m_c="-0.432720" m_d="0.956089" m_tx="-106.560501" m_ty="-31.840553"/>
   <element name="chest01" layername="timeline_3" frame="9" z_index="17" m_a="1.229455" m_b="-0.605264" m_c="0.488153" m_d="0.991571" m_tx="-30.754103" m_ty="-7.674078"/>
   <element name="chest_shadow" layername="timeline_4" frame="0" z_index="18" m_a="1.000000" m_b="0.000000" m_c="0.000000" m_d="1.000000" m_tx="13.500000" m_ty="6.900000"/>
   <element name="sparkle" layername="timeline_5" frame="0" z_index="16" m_a="0.106339" m_b="-0.044052" m_c="0.044052" m_d="0.106339" m_tx="-20.249001" m_ty="-145.649002"/>
  </frame>
  <frame idx="725" w="478" h="388" x="-92.935791" y="-178.146561">
   <element name="chest01" layername="timeline_0" frame="0" z_index="17" m_a="1.000000" m_b="0.000000" m_c="0.000000" m_d="1.000000" m_tx="-63.236256" m_ty="138.425415"/>
   <element name="chest01" layername="timeline_1" frame="5" z_index="17" m_a="1.000000" m_b="0.000000" m_c="0.000000" m_d="1.000000" m_tx="45.896503" m_ty="-28.114487"/>
   <element name="chest01" layername="timeline_2" frame="9" z_index="16" m_a="1.244697" m_b="0.448316" m_c="-0.352502" m_d="0.978680" m_tx="-95.863640" m_ty="-21.331600"/>
   <element name="chest01" layername="timeline_3" frame="9" z_index="17" m_a="1.212207" m_b="-0.473132" m_c="0.394712" m_d="1.011287" m_tx="-36.396805" m_ty="-5.645333"/>
   <element name="chest_shadow" layername="timeline_4" frame="0" z_index="18" m_a="1.000000" m_b="0.000000" m_c="0.000000" m_d="1.000000" m_tx="13.500000" m_ty="6.900000"/>
   <element name="sparkle" layername="timeline_5" frame="0" z_index="16" m_a="0.095715" m_b="-0.016927" m_c="0.016927" m_d="0.095715" m_tx="-20.249001" m_ty="-145.649002"/>
  </frame>
  <frame idx="750" w="457" h="378" x="-91.435791" y="-177.146790">
   <element name="chest01" layername="timeline_0" frame="0" z_index="17" m_a="1.000000" m_b="0.000000" m_c="0.000000" m_d="1.000000" m_tx="-63.236256" m_ty="138.425415"/>
   <element name="chest01" layername="timeline_1" frame="5" z_index="17" m_a="1.000000" m_b="0.000000" m_c="0.000000" m_d="1.000000" m_tx="44.853729" m_ty="-24.487080"/>
   <element name="chest01" layername="timeline_2" frame="9" z_index="16" m_a="1.204834" m_b="0.328813" m_c="-0.271445" m_d="0.994625" m_tx="-85.280495" m_ty="-12.775152"/>
   <element name="chest01" layername="timeline_3" frame="9" z_index="17" m_a="1.181850" m_b="-0.348530" m_c="0.301515" m_d="1.022425" m_tx="-42.039509" m_ty="-3.616587"/>
   <element name="chest_shadow" layername="timeline_4" frame="0" z_index="18" m_a="1.000000" m_b="0.000000" m_c="0.000000" m_d="1.000000" m_tx="13.500000" m_ty="6.900000"/>
   <element name="sparkle" layername="timeline_5" frame="0" z_index="16" m_a="0.086736" m_b="-0.004322" m_c="0.004322" m_d="0.086736" m_tx="-20.249001" m_ty="-145.649002"/>
  </frame>
  <frame idx="775" w="430" h="381" x="-88.935791" y="-180.667770">
   <element name="chest01" layername="timeline_0" frame="0" z_index="17" m_a="1.000000" m_b="0.000000" m_c="0.000000" m_d="1.000000" m_tx="-63.236256" m_ty="138.425415"/>
   <element name="chest01" layername="timeline_1" frame="5" z_index="17" m_a="1.000000" m_b="0.000000" m_c="0.000000" m_d="1.000000" m_tx="43.810951" m_ty="-20.859674"/>
   <element name="chest01" layername="timeline_2" frame="9" z_index="16" m_a="1.154311" m_b="0.218564" m_c="-0.190091" m_d="1.003936" m_tx="-75.073715" m_ty="-6.017780"/>
   <element name="chest01" layername="timeline_3" frame="9" z_index="17" m_a="1.139558" m_b="-0.232689" m_c="0.209333" m_d="1.025173" m_tx="-47.682213" m_ty="-1.587842"/>
   <element name="chest_shadow" layername="timeline_4" frame="0" z_index="18" m_a="1.000000" m_b="0.000000" m_c="0.000000" m_d="1.000000" m_tx="13.500000" m_ty="6.900000"/>
   <element name="sparkle" layername="timeline_5" frame="0" z_index="16" m_a="0.082687" m_b="0.000000" m_c="0.000000" m_d="0.082687" m_tx="-22.726612" m_ty="-148.669891"/>
  </frame>
  <frame idx="800" w="419" h="392" x="-87.935791" y="-191.108078">
   <element name="chest01" layername="timeline_0" frame="0" z_index="17" m_a="1.000000" m_b="0.000000" m_c="0.000000" m_d="1.000000" m_tx="-63.236256" m_ty="138.425415"/>
   <element name="chest01" layername="timeline_1" frame="5" z_index="17" m_a="1.000000" m_b="0.000000" m_c="0.000000" m_d="1.000000" m_tx="42.768177" m_ty="-17.232269"/>
   <element name="chest01" layername="timeline_2" frame="9" z_index="16" m_a="1.094350" m_b="0.118472" m_c="-0.108980" m_d="1.006666" m_tx="-65.475380" m_ty="-0.876468"/>
   <element name="chest01" layername="timeline_3" frame="9" z_index="17" m_a="1.086612" m_b="-0.126698" m_c="0.118906" m_d="1.019788" m_tx="-53.324917" m_ty="0.440904"/>
   <element name="chest_shadow" layername="timeline_4" frame="0" z_index="18" m_a="1.000000" m_b="0.000000" m_c="0.000000" m_d="1.000000" m_tx="13.500000" m_ty="6.900000"/>
   <element name="sparkle" layername="timeline_5" frame="0" z_index="16" m_a="0.082687" m_b="0.000000" m_c="0.000000" m_d="0.082687" m_tx="-30.469151" m_ty="-158.110199"/>
  </frame>
 </anim>
</Anims>
